accuracy,precision,recall,f1,roc_auc
0.9412099067975424,0.7227530703996434,0.910368169060591,0.8057838860758568,0.9774516170815488
