accuracy,precision,recall,f1,roc_auc
0.9592886179760868,0.8039651070578906,0.9205712398877332,0.858325957283048,0.9842582346650408
